-- enderecos
INSERT INTO ENDERECO (ID_ENDERECO, LOGRADOURO, NUMERO, COMPLEMENTO, CEP, BAIRRO, CIDADE, ESTADO, PAIS)
VALUES (ENDERECO_SEQ.NEXTVAL, 'Rua Testando', 55, 'LOJA 1','00.000-001', 'NA', 'NA', 'NA', 'Brasil');

INSERT INTO ENDERECO (ID_ENDERECO, LOGRADOURO, NUMERO, CEP, BAIRRO, CIDADE, ESTADO, PAIS)
VALUES (ENDERECO_SEQ.NEXTVAL, 'Rua Testing', 122, '00.000-002', 'Between Hyde and Powell Streets', 'San Francisco', 'California', 'EUA');

INSERT INTO ENDERECO (ID_ENDERECO, LOGRADOURO, NUMERO, CEP, BAIRRO, CIDADE, ESTADO, PAIS)
VALUES (ENDERECO_SEQ.NEXTVAL, 'Rua Tesing', 525, '00.000-003', 'Croydon', 'Londres', 'Boroughs', 'England');

INSERT INTO ENDERECO (ID_ENDERECO, LOGRADOURO, NUMERO, COMPLEMENTO, CEP, BAIRRO, CIDADE, ESTADO, PAIS)
VALUES (ENDERECO_SEQ.NEXTVAL, 'Rua Testando', 55, 'LOJA 2','00.000-004', 'NA', 'NA', 'NA', 'Brasil');

INSERT INTO ENDERECO (ID_ENDERECO, LOGRADOURO, NUMERO, COMPLEMENTO, CEP, BAIRRO, CIDADE, ESTADO, PAIS)
VALUES (ENDERECO_SEQ.NEXTVAL, 'Rua Testando', 55, 'LOJA 3','00.000-005', 'NA', 'NA', 'NA', 'Brasil');

INSERT INTO ENDERECO (ID_ENDERECO, LOGRADOURO, NUMERO, CEP, BAIRRO, CIDADE, ESTADO, PAIS)
VALUES (ENDERECO_SEQ.NEXTVAL, 'Rua do meio', 2233, '00.000-006', 'Qualquer', 'Itu', 'São Paulo', 'Brasil');

INSERT INTO ENDERECO (ID_ENDERECO, LOGRADOURO, NUMERO, CEP, BAIRRO, CIDADE, ESTADO, PAIS)
VALUES (ENDERECO_SEQ.NEXTVAL, 'Rua do boca', 222, '00.000-007', 'Caminito', 'Buenos Aires', 'Buenos Aires', 'Argentina');

-- consolidacao
INSERT INTO CONSOLIDACAO (id_consolidacao, SALDO_ATUAL, SAQUE, DEPOSITO, NUMERO_CORRENTISTA) VALUES (1, 2000.00, 0.0, 0.0, 10);
INSERT INTO CONSOLIDACAO (id_consolidacao, SALDO_ATUAL, SAQUE, DEPOSITO, NUMERO_CORRENTISTA) VALUES (2, 15O.00, 0.0, 0.0, 10);
INSERT INTO CONSOLIDACAO (id_consolidacao, SALDO_ATUAL, SAQUE, DEPOSITO, NUMERO_CORRENTISTA) VALUES (3, 1500.00, 0.0, 0.0, 10);
INSERT INTO CONSOLIDACAO (id_consolidacao, SALDO_ATUAL, SAQUE, DEPOSITO, NUMERO_CORRENTISTA) VALUES (4, 3000.00, 0.0, 0.0, 10);
INSERT INTO CONSOLIDACAO (id_consolidacao, SALDO_ATUAL, SAQUE, DEPOSITO, NUMERO_CORRENTISTA) VALUES (5, 8.000, 0.0, 0.0, 10);
INSERT INTO CONSOLIDACAO (id_consolidacao, SALDO_ATUAL, SAQUE, DEPOSITO, NUMERO_CORRENTISTA) VALUES (6, 450.00, 0.0, 0.0, 10);
INSERT INTO CONSOLIDACAO (id_consolidacao, SALDO_ATUAL, SAQUE, DEPOSITO, NUMERO_CORRENTISTA) VALUES (7, 1.50, 0.0, 0.0, 10);

--bancos
INSERT INTO BANCO (CODIGO, NOME) VALUES (011, 'Banco Alfa');
INSERT INTO BANCO (CODIGO, NOME) VALUES (241, 'Banco Beta');
INSERT INTO BANCO (CODIGO, NOME) VALUES (307, 'Banco Omega');

--agencias
INSERT INTO AGENCIA(CODIGO, NOME, CODIGO_BANCO, ID_ENDERECO, ID_CONSOLIDACAO) VALUES (0001, 'Web', 011, 1, 1);
INSERT INTO AGENCIA(CODIGO, NOME, CODIGO_BANCO, ID_ENDERECO, ID_CONSOLIDACAO) VALUES (0002, 'California', 011, 2, 2);
INSERT INTO AGENCIA(CODIGO, NOME, CODIGO_BANCO, ID_ENDERECO, ID_CONSOLIDACAO) VALUES (0101, 'Londres', 011, 3, 3);
INSERT INTO AGENCIA(CODIGO, NOME, CODIGO_BANCO, ID_ENDERECO, ID_CONSOLIDACAO) VALUES (0001, 'Web', 241, 4, 4);
INSERT INTO AGENCIA(CODIGO, NOME, CODIGO_BANCO, ID_ENDERECO, ID_CONSOLIDACAO) VALUES (0001, 'Web', 307, 5, 5);
INSERT INTO AGENCIA(CODIGO, NOME, CODIGO_BANCO, ID_ENDERECO, ID_CONSOLIDACAO) VALUES (8761, 'Itu', 307, 6, 6);
INSERT INTO AGENCIA(CODIGO, NOME, CODIGO_BANCO, ID_ENDERECO, ID_CONSOLIDACAO) VALUES (4567, 'Hermana', 307, 7, 7);

--PESSOAS
INSERT INTO PESSOA (ID_PESSOA, NOME, CPF, ESTADO_CIVIL, DATA_NASCIMENTO, ID_ENDERECO) VALUES (1, 'Pedro Silva','031.995.421.47',27/06/1987,1);
INSERT INTO PESSOA (ID_PESSOA, NOME, CPF, ESTADO_CIVIL, DATA_NASCIMENTO, ID_ENDERECO) VALUES (2, 'Mario Freitas','061.595.421.47',13/05/1989,1);
INSERT INTO PESSOA (ID_PESSOA, NOME, CPF, ESTADO_CIVIL, DATA_NASCIMENTO, ID_ENDERECO) VALUES (3, 'Paulo Santos','711.965.421.47',11/03/1881,1);
INSERT INTO PESSOA (ID_PESSOA, NOME, CPF, ESTADO_CIVIL, DATA_NASCIMENTO, ID_ENDERECO) VALUES (4, 'Rafael Marques','911.895.421.47',01/06/1987,1);
INSERT INTO PESSOA (ID_PESSOA, NOME, CPF, ESTADO_CIVIL, DATA_NASCIMENTO, ID_ENDERECO) VALUES (5, 'Sandro Rodrigues','061.995.421.47',27/01/2007,1);
INSERT INTO PESSOA (ID_PESSOA, NOME, CPF, ESTADO_CIVIL, DATA_NASCIMENTO, ID_ENDERECO) VALUES (6, 'Pedro Silva','051.905.421.47',17/06/2000,1);

INSERT INTO PESSOA (ID_PESSOA, NOME, CPF, ESTADO_CIVIL, DATA_NASCIMENTO, ID_ENDERECO) VALUES (7, 'Deco Silva','031.995.421.47',27/06/1987,1);
INSERT INTO PESSOA (ID_PESSOA, NOME, CPF, ESTADO_CIVIL, DATA_NASCIMENTO, ID_ENDERECO) VALUES (8, 'Miro Freitas','061.595.421.47',13/05/1989,1);
INSERT INTO PESSOA (ID_PESSOA, NOME, CPF, ESTADO_CIVIL, DATA_NASCIMENTO, ID_ENDERECO) VALUES (9, 'Pilo Santos','711.965.421.47',11/03/1881,1);
INSERT INTO PESSOA (ID_PESSOA, NOME, CPF, ESTADO_CIVIL, DATA_NASCIMENTO, ID_ENDERECO) VALUES (10, 'Rael Marques','911.895.421.47',01/06/1987,1);
INSERT INTO PESSOA (ID_PESSOA, NOME, CPF, ESTADO_CIVIL, DATA_NASCIMENTO, ID_ENDERECO) VALUES (11, 'Andre Rodrigues','061.995.421.47',27/01/2007,1);
INSERT INTO PESSOA (ID_PESSOA, NOME, CPF, ESTADO_CIVIL, DATA_NASCIMENTO, ID_ENDERECO) VALUES (12, 'Pexe Silva','051.905.421.47',17/06/2000,1);

INSERT INTO PESSOA (ID_PESSOA, NOME, CPF, ESTADO_CIVIL, DATA_NASCIMENTO, ID_ENDERECO) VALUES (13, 'Gato Silva','031.995.421.47',27/06/1987,1);
INSERT INTO PESSOA (ID_PESSOA, NOME, CPF, ESTADO_CIVIL, DATA_NASCIMENTO, ID_ENDERECO) VALUES (14, 'Roni Freitas','061.595.421.47',13/05/1989,1);
INSERT INTO PESSOA (ID_PESSOA, NOME, CPF, ESTADO_CIVIL, DATA_NASCIMENTO, ID_ENDERECO) VALUES (15, 'Filho Santos','711.965.421.47',11/03/1881,1);
INSERT INTO PESSOA (ID_PESSOA, NOME, CPF, ESTADO_CIVIL, DATA_NASCIMENTO, ID_ENDERECO) VALUES (16, 'Fabio Marques','911.895.421.47',01/06/1987,1);
INSERT INTO PESSOA (ID_PESSOA, NOME, CPF, ESTADO_CIVIL, DATA_NASCIMENTO, ID_ENDERECO) VALUES (17, 'Valdir Rodrigues','061.995.421.47',27/01/2007,1);
INSERT INTO PESSOA (ID_PESSOA, NOME, CPF, ESTADO_CIVIL, DATA_NASCIMENTO, ID_ENDERECO) VALUES (18, 'Bosquetes Silva','051.905.421.47',17/06/2000,1);

--clientes
INSERT INTO CLIENTE (ID_CLIENTE, ID_PESSOA) VALUES (1, 1);
INSERT INTO CLIENTE (ID_CLIENTE, ID_PESSOA) VALUES (2, 2);
INSERT INTO CLIENTE (ID_CLIENTE, ID_PESSOA) VALUES (3, 3);
INSERT INTO CLIENTE (ID_CLIENTE, ID_PESSOA) VALUES (4, 4);
INSERT INTO CLIENTE (ID_CLIENTE, ID_PESSOA) VALUES (5, 5);
INSERT INTO CLIENTE (ID_CLIENTE, ID_PESSOA) VALUES (6, 6);
INSERT INTO CLIENTE (ID_CLIENTE, ID_PESSOA) VALUES (7, 7);
INSERT INTO CLIENTE (ID_CLIENTE, ID_PESSOA) VALUES (8, 8);
INSERT INTO CLIENTE (ID_CLIENTE, ID_PESSOA) VALUES (9, 9);
INSERT INTO CLIENTE (ID_CLIENTE, ID_PESSOA) VALUES (10, 10);

INSERT INTO CLIENTE (ID_CLIENTE, ID_PESSOA) VALUES (11, 11);
INSERT INTO CLIENTE (ID_CLIENTE, ID_PESSOA) VALUES (12, 12);
INSERT INTO CLIENTE (ID_CLIENTE, ID_PESSOA) VALUES (13, 13);
INSERT INTO CLIENTE (ID_CLIENTE, ID_PESSOA) VALUES (14, 14);
INSERT INTO CLIENTE (ID_CLIENTE, ID_PESSOA) VALUES (15, 15);
INSERT INTO CLIENTE (ID_CLIENTE, ID_PESSOA) VALUES (16, 16);
INSERT INTO CLIENTE (ID_CLIENTE, ID_PESSOA) VALUES (17, 17);
INSERT INTO CLIENTE (ID_CLIENTE, ID_PESSOA) VALUES (18, 18);


--TIPO GERENTE
INSERT INTO TIPO_GERENTE(ID_TIPO_GERENTE, TIPO) VALUES (1, 'GC');

--FUNCIONARIO 
INSERT INTO FUNCIONARIO(CODIGO, DESCRICAO) VALUES (1, 'GERENTE');

--GERENTES
INSERT INTO GERENTE(ID_GERENTE, ID_PESSOA, ID_TIPO_GERENTE, CODIGO_AGENCIA, CODIGO_FUNCIONARIO)
VALUES (1, 1, 1, 0001, 1);

--TIPO CONTA
INSERT INTO TIPO_CONTA (ID_TIPO_CONTA, DESCRICAO) VALUES (1, 'PJ');
INSERT INTO TIPO_CONTA (ID_TIPO_CONTA, DESCRICAO) VALUES (2, 'PF');
INSERT INTO TIPO_CONTA (ID_TIPO_CONTA, DESCRICAO) VALUES (3, 'CONJ');
INSERT INTO TIPO_CONTA (ID_TIPO_CONTA, DESCRICAO) VALUES (4, 'INVEST');

--MOVIMENTACOES
INSERT INTO MOVIMENTACOES (ID_MOVIMENTACOES, VALOR, TIPO) VALUES (1,200.00,'DEBITO');
INSERT INTO MOVIMENTACOES (ID_MOVIMENTACOES, VALOR, TIPO) VALUES (2,100.00,'CREDITO');


--CONTAS
INSERT INTO CONTA (CODIGO, SALDO, ID_AGENCIA, ID_MOVIMENTACOES, ID_TIPO_CONTA, ID_GERENTE)
VALUES (1, 1000.20, 1, 1, 1, 1);

INSERT INTO CONTA (CODIGO, SALDO, ID_AGENCIA, ID_MOVIMENTACOES, ID_TIPO_CONTA, ID_GERENTE)
VALUES (2, 1300.20, 1, 1, 1, 1);

INSERT INTO CONTA_X_CLIENTE(ID_CLIENTE, CODIGO_CONTA) VALUES (1,1);
INSERT INTO CONTA_X_GERENTE(CODIGO_CONTA, ID_GERENTE) VALUES (1,1);
